brand,name,price,rating,category,product_type
colourpop,Lippie Pencil,5.0,,pencil,lip_liner
colourpop,Blotted Lip,5.5,,lipstick,lipstick
colourpop,Lippie Stix,5.5,,lipstick,lipstick
colourpop,No Filter Foundation,12.0,,liquid,foundation
boosh,Lipstick,26.0,,lipstick,lipstick
deciem,Serum Foundation,6.7,,liquid,foundation
deciem,Coverage Foundation,6.9,,liquid,foundation
zorah biocosmetiques,Liquid Liner,0.0,,liquid,eyeliner
zorah biocosmetiques,Eyeshadow,0.0,,,eyeshadow
w3llpeople, Realist Invisible Setting Powder,0.0,,powder,foundation
sally b's skin yummies,B Smudged,0.0,,,eyeshadow
sally b's skin yummies,B Glossy Lip Gloss,0.0,,lip_gloss,lipstick
rejuva minerals,Multi Purpose Powder - Blush & Eye,0.0,,,eyeshadow
rejuva minerals,Multi Purpose Powder - Blush & Eye,0.0,,powder,blush
rejuva minerals,Multi Purpose Powder - Eye Shadow & Face,0.0,,,eyeshadow
rejuva minerals,Pressed Powder Foundation,0.0,,powder,foundation
rejuva minerals,Bronzer - loose,0.0,,powder,bronzer
rejuva minerals,Bronzer - pressed,0.0,,powder,bronzer
penny lane organics,Lip Gloss,0.0,,lip_gloss,lipstick
nudus,Amalia,0.0,,lipstick,lipstick
marienatie,Pressed Foundation,0.0,,powder,foundation
marienatie,Pressed Eye Shadow,0.0,,,eyeshadow
marienatie,Mineral Blush,0.0,,powder,blush
marienatie,Perfect Lash Mascara,0.0,,,mascara
marienatie,Loose Mineral Eyeshadow,0.0,,,eyeshadow
marienatie,Lipstick,0.0,,lipstick,lipstick
marienatie,Lip Gloss,0.0,,lip_gloss,lipstick
marienatie,Gel Liner,0.0,,gel,eyeliner
marienatie,Eyeliner,0.0,,pencil,eyeliner
maia's mineral galaxy,Mineral Eye Brow Liner Charcoal Brown,0.0,,pencil,eyebrow
lotus cosmetics usa,Mascara,0.0,,,mascara
lotus cosmetics usa,Creme to Powder Blush,0.0,,cream,blush
lotus cosmetics usa,Eye Shadow Palette Mesmerize,0.0,,palette,eyeshadow
lotus cosmetics usa,Eye Shadow Palette Deluxe,0.0,,palette,eyeshadow
lotus cosmetics usa,Eye Shadow Palette Smokey,0.0,,palette,eyeshadow
lotus cosmetics usa,Eye Shadow Palette Seduction,0.0,,palette,eyeshadow
lotus cosmetics usa,Eye Shadow Palette Cocoa,0.0,,palette,eyeshadow
green people,Volumising Mascara,0.0,,,mascara
coastal classic creation,Conch Lipstick,0.0,,lipstick,lipstick
c'est moi,Reflect Lip Gloss,0.0,,lip_gloss,lipstick
c'est moi,Muse Mascara,0.0,,,mascara
c'est moi,Luminary Lip Crayon,0.0,,pencil,lip_liner
c'est moi,Fearless Eyeliner,0.0,,pencil,eyeliner
alva,Liquid Eye Shadow,9.95,,cream,eyeshadow
glossier,Stretch Concealer,22.0,,concealer,foundation
glossier,Cloud Paint,22.0,,cream,blush
glossier,Wowder,27.0,,powder,foundation
glossier,Haloscope,27.0,,highlighter,foundation
glossier,Perfecting Skin Tint,32.0,,,foundation
glossier,Generation G,20.0,,,lipstick
nyx,Fly With Me Mascara,9.0,,,mascara
nyx,Propel My Eyes Mascara,9.0,,,mascara
nyx,Proof It! Waterproof Mascara Top Coat,7.0,,,mascara
nyx,Big & Loud Lash Primer,7.0,,,mascara
nyx,Double Stacked Mascara,15.0,,,mascara
nyx,Doll Eye Mascara,9.5,,,mascara
nyx,The Skinny Mascara,7.0,,,mascara
nyx,Worth the Hype Volumizing & Lengthening Mascara,8.0,,,mascara
nyx,Boudoir Mascara Collection,6.0,,,mascara
nyx,Color Mascara,7.0,,,mascara
nyx,Super Luscious Mascara,7.0,,,mascara
nyx,Eyebrow Marker,9.75,,,eyebrow
nyx,Eyebrow Kit With Stencil,15.0,,,eyebrow
nyx,Eyebrow Push-Up Bra,10.0,,,eyebrow
nyx,3-Dimensional Brow Marker,10.0,,,eyebrow
nyx,Eyebrow Shaper,8.75,,,eyebrow
nyx,Build 'Em Up Brow Powder,8.0,,,eyebrow
nyx,3-in-1 Brow Pencil,13.0,,,eyebrow
nyx,Proof It! Waterproof Eyebrow Primer,7.0,,,eyebrow
nyx,Eyebrow Powder Pencil,6.5,,,eyebrow
nyx,Precision Brow Pencil,10.0,,,eyebrow
nyx,Sculpt & Highlight Brow Contour,10.0,,,eyebrow
nyx,Control Freak Eyebrow Gel,6.0,,,eyebrow
nyx,Eyebrow Cake Powder,6.0,,,eyebrow
nyx,Tinted Brow Mascara,7.0,,,eyebrow
nyx,Auto Eyebrow Pencil,4.75,,,eyebrow
nyx,Eyebrow Gel,7.0,,,eyebrow
nyx,Tame & Frame Brow Pomade,7.0,,,eyebrow
nyx,Micro Brow Pencil,10.0,,,eyebrow
nyx,Holographic Halo Cream Eyeliner,11.0,,cream,eyeliner
nyx,Cake That! Powder Eyeliner,8.0,,cream,eyeliner
nyx,Epic Black Mousse Liner,10.0,,cream,eyeliner
nyx,Cosmic Gel Liner,10.0,,gel,eyeliner
nyx,Gel Liner And Smudger,9.0,,gel,eyeliner
nyx,Metallic Eyeliner,8.0,,pencil,eyeliner
nyx,Tres Jolie Gel Pencil Liner,12.0,,pencil,eyeliner
nyx,Faux Whites Eye Brightener,8.0,,pencil,eyeliner
nyx,Faux Blacks Eyeliner,8.0,,pencil,eyeliner
nyx,Collection Noir,6.0,,pencil,eyeliner
nyx,Slim Eye Pencil,4.0,,pencil,eyeliner
nyx,Retractable Eye Liner,5.0,,pencil,eyeliner
nyx,Slide On Pencil,8.0,,pencil,eyeliner
nyx,Jumbo Eye Pencil,4.5,,pencil,eyeliner
nyx,Two Timer Dual Ended Eyeliner,10.0,,liquid,eyeliner
nyx,Strictly Vinyl Eyeliner,7.0,,liquid,eyeliner
nyx,Collection Chocolate,6.0,,pencil,eyeliner
nyx,Super Fat Eye Marker,10.0,,liquid,eyeliner
nyx,Super Skinny Eye Marker,9.5,,liquid,eyeliner
nyx,Felt Tip Liner,9.5,,liquid,eyeliner
nyx,The Curve,15.0,,liquid,eyeliner
nyx,Colored Felt Tip Liner,10.0,,liquid,eyeliner
nyx,Vinyl Liquid Liner,7.0,,liquid,eyeliner
nyx,That's The Point Eyeliner,10.0,,liquid,eyeliner
nyx,White Liquid Liner,7.0,,liquid,eyeliner
nyx,Studio Liquid Liner,4.5,,liquid,eyeliner
nyx,Epic Ink Liner,8.0,,liquid,eyeliner
nyx,Glam Liner Aqua Luxe Collection,5.5,,liquid,eyeliner
nyx,Matte Liquid Liner,7.0,,liquid,eyeliner
nyx,Vivid Brights Liner,7.0,,liquid,eyeliner
nyx,SFX Setting Powder,10.0,,powder,foundation
nyx,Holographic Halo Finishing Powder,12.0,,powder,foundation
nyx,Blotting Powder,12.0,,powder,foundation
nyx,#NOFILTER Finishing Powder,12.0,,powder,foundation
nyx,Color Correcting Powder,10.0,,powder,foundation
nyx,High Definition Finishing Powder Mini,3.5,,powder,foundation
nyx,Primal Colors,5.0,,powder,foundation
nyx,Radiant Finishing Powder,9.0,,powder,foundation
nyx,Mineral Finishing Powder,10.0,,powder,foundation
nyx,High Definition Finishing Powder,10.0,,powder,foundation
nyx,Studio Finishing Powder,10.0,,powder,foundation
nyx,Tango With Bronzing Powder,10.0,,,bronzer
nyx,Illuminator,9.0,,,bronzer
nyx,Matte Bronzer,9.0,,,bronzer
nyx,Sweet Cheeks Blush Palette,20.0,,,blush
nyx,Cheek Contour Duo Palette,9.0,,,blush
nyx,High Definition Blush Pro Refills,6.0,,,blush
nyx,Bright Idea Illuminating Stick,8.0,,,bronzer
nyx,Rouge Cream Blush,6.0,,,blush
nyx,Mosaic Powder Blush,7.0,,,bronzer
nyx,Baked Blush,7.0,,,blush
nyx,Bronzer & Blusher Combo,9.0,,,bronzer
nyx,High Definition Blush,6.5,,,blush
nyx,Ombre Blush,10.0,,,blush
nyx,Stick Blush,6.0,,,blush
nyx,Powder Blush,5.0,,,bronzer
nyx,Gotcha Covered Concealer Pencil,7.0,,concealer,foundation
nyx,"Conceal, Correct, Contour Palette",12.0,,concealer,foundation
nyx,Wonder Pencil,4.5,,pencil,eyeliner
nyx,Dark Circle Concealer,6.0,,concealer,foundation
nyx,Gotcha Covered Concealer,6.0,,concealer,foundation
nyx,Color Correcting Palette,12.0,,concealer,foundation
nyx,Concealer Jar,5.0,,concealer,foundation
nyx,HD Photogenic Concealer Wand,5.0,,concealer,foundation
nyx,Tinted Moisturizer,10.0,,,foundation
nyx,Define & Refine Powder Foundation,12.0,,powder,foundation
nyx,BB Cream,13.0,,,foundation
nyx,Invincible Fullest Coverage Foundation,12.0,,,foundation
nyx,Mineral Stick Foundation,10.0,,,foundation
nyx,Stay Matte But Not Flat Liquid Foundation,7.5,,,foundation
nyx,Stay Matte But Not Flat Powder Foundation,9.5,,powder,foundation
nyx,HD Studio Photogenic Foundation,18.0,,,foundation
nyx,Hydra Touch Powder Foundation,10.0,,powder,foundation
nyx,Pro Foundation Mixer,10.0,,,foundation
nyx,Total Control Drop Foundation,14.0,,,foundation
nyx,#LOTD Lip Of The Day Liquid Lip Liner,7.0,,,lip_liner
nyx,Slide On Lip Pencil,8.0,,,lip_liner
nyx,Retractable Lip Liner,5.0,,,lip_liner
nyx,Suede Matte Lip Liner,4.0,,,lip_liner
nyx,Slim Lip Pencil,4.0,,,lip_liner
nyx,Luv Out Loud Liquid Lipstick,7.0,,lipstick,lipstick
nyx,V'Amped Up! Lip Top Coat,6.0,,lipstick,lipstick
nyx,Simply Pink Lip Cream,6.5,,lipstick,lipstick
nyx,Simply Red Lip Cream,6.5,,lipstick,lipstick
nyx,Simply Nude Lip Cream,6.5,,lipstick,lipstick
nyx,Macaron Lippies,6.5,,lipstick,lipstick
nyx,In Your Element Lipstick - Metal,9.0,,lipstick,lipstick
nyx,Whipped Lip & Cheek Soufflé,6.0,,,blush
nyx,Wicked Lippies,6.5,,lipstick,lipstick
nyx,Simply Vamp Lip Cream,6.5,,lipstick,lipstick
nyx,In Your Element Lipstick - Water,9.0,,lipstick,lipstick
nyx,In Your Element Lipstick - Wind,9.0,,lipstick,lipstick
nyx,In Your Element Lipstick - Fire,9.0,,lipstick,lipstick
nyx,In Your Element Lipstick - Air,9.0,,lipstick,lipstick
nyx,Jumbo Lip Pencil,4.5,,,lip_liner
nyx,In Your Element Lipstick - Earth,9.0,,lipstick,lipstick
nyx,Butter Lipstick,6.5,,lipstick,lipstick
nyx,Extra Creamy Round Lipstick,0.0,,lipstick,lipstick
nyx,Matte Lipstick,6.0,,lipstick,lipstick
nyx,Pro Lip Cream Palette,12.0,,lipstick,lipstick
nyx,Full Throttle Lipstick,7.0,,lipstick,lipstick
nyx,Plush Gel Lipstick,7.0,,lipstick,lipstick
nyx,Velvet Matte Lipstick,7.0,,lipstick,lipstick
nyx,Turnt Up! Lipstick,6.5,,lipstick,lipstick
nyx,Pin-Up Pout Lipstick,8.0,,lipstick,lipstick
nyx,Super Cliquey Matte Lipstick,9.0,,lipstick,lipstick
nyx,Powder Puff Lippie Powder Lip Cream,8.5,,lipstick,lipstick
nyx,Lip Lustre Glossy Lip Tint,7.0,,lip_gloss,lipstick
nyx,Cosmic Metals Lip Cream,7.5,,lip_gloss,lipstick
nyx,Epic Ink Lip Dye,7.0,,lip_gloss,lipstick
nyx,Strictly Vinyl Lip Gloss,8.0,,lip_gloss,lipstick
nyx,Duo Chromatic Lip Gloss,8.0,,lip_gloss,lipstick
nyx,Slip Tease Full Color Lip Oil,7.0,,lip_gloss,lipstick
nyx,Liquid Suede Metallic Matte,7.5,,lipstick,lipstick
nyx,Liquid Suede Cream Lipstick,7.0,,lipstick,lipstick
nyx,Lip Lingerie,7.0,,lipstick,lipstick
nyx,Soft Matte Lip Cream,6.5,,lipstick,lipstick
nyx,Soft Matte Metallic Lip Cream,7.0,,liquid,lipstick
fenty,MATTEMOISELLE - Plush Matte Lipstick,18.0,,lipstick,lipstick
fenty,ECLIPSE - 2-in-1 Glitter Release Eyeliner,20.0,,liquid,eyeliner
fenty,COSMIC GLOSS - Lip Glitter,19.0,,lip_gloss,lipstick
fenty,MATCH STIX - Matte Skinstick,25.0,,concealer,foundation
clinique,Even Better&trade; Compact Makeup Broad Spectrum SPF 15,32.0,,,foundation
clinique,Redness Solutions Makeup<BR>Broad Spectrum SPF 15<BR>With Probiotic Technology,28.0,,,foundation
clinique,Stay-Matte Oil-Free Makeup,26.0,,,foundation
clinique,Repairwear Laser Focus&trade; All-Smooth Makeup Broad Spectrum SPF 15,36.0,,,foundation
clinique,Perfectly Real&trade; Compact Makeup,28.0,,,foundation
clinique,Chubby in the Nude&trade; Foundation Stick,25.0,,,foundation
clinique,Super City Block™ BB Cushion Compact Broad Spectrum SPF 50,17.5,,,foundation
clinique,Superpowder Double Face Makeup,24.0,,,foundation
clinique,Perfectly Real&trade; Makeup,28.0,,,foundation
clinique,Beyond Perfecting&trade; Powder Foundation + Concealer,28.0,,,foundation
clinique,Acne Solutions&trade; Liquid Makeup,28.0,,,foundation
clinique,Superbalanced&trade; Makeup,26.0,,,foundation
clinique,Stay-Matte Sheer Pressed Powder,26.0,,,foundation
clinique,Superbalanced™ Silk Makeup Broad Spectrum SPF 15,26.0,,,foundation
clinique,Even Better&trade; Makeup Broad Spectrum SPF 15,28.0,,,foundation
clinique,Beyond Perfecting&trade; Foundation + Concealer,28.0,,,foundation
clinique,CliniqueFIT™ Workout Makeup Broad Spectrum SPF 40,29.5,,,foundation
clinique,Almost Powder Makeup,28.0,,,foundation
clinique,Clinique BIY&trade; Blend It Yourself Pigment Drops,33.0,,,foundation
clinique,Even Better Glow&trade; Light Reflecting Makeup Broad Spectrum SPF 15,28.0,,,foundation
clinique,Acne Solutions&trade; Clearing Concealer,18.0,,concealer,foundation
clinique,Line Smoothing Concealer,20.0,,concealer,foundation
clinique,All About Eyes&trade; Concealer,20.0,,concealer,foundation
clinique,Advanced Concealer,20.0,,concealer,foundation
clinique,Airbrush Concealer&trade;,22.0,,concealer,foundation
clinique,Continuous Coverage Makeup Broad Spectrum SPF 15,26.0,,,foundation
clinique,Beyond Perfecting&trade; Super Concealer Camouflage + 24-Hour Wear,19.5,,concealer,foundation
clinique,Moisture Surge&trade; CC Cream Hydrating Colour Corrector Broad Spectrum SPF 30,39.0,,bb_cc,foundation
clinique,Acne Solutions BB Cream Broad Spectrum SPF 40,39.0,,,foundation
clinique,Age Defense BB Cream<BR>Broad Spectrum SPF 30,38.5,,bb_cc,foundation
clinique,Super City Block™ BB Cushion Compact Broad Spectrum SPF 50 Refill,25.0,,,foundation
clinique,Wear Everywhere Neutrals All About Shadow&trade; 8-Pan Palette,37.0,,palette,eyeshadow
clinique,Pretty Easy™ Eye Palette,22.25,,palette,eyeshadow
clinique,All About Shadow&trade; Primer for Eyes,21.0,,,eyeshadow
clinique,Lid Smoothie&trade; Antioxidant 8-Hour Eye Colour,21.0,,,eyeshadow
clinique,Touch Base For Eyes&trade;,17.0,,,eyeshadow
clinique,Lid Pop™,18.0,,,eyeshadow
clinique,All About Shadow&trade; Single,16.5,,,eyeshadow
clinique,Chubby Stick&trade; Shadow Tint For Eyes,17.5,,pencil,eyeshadow
clinique,All About Shadow&trade; Quad,28.5,,,eyeshadow
clinique,All About Shadow&trade; Duo,22.0,,,eyeshadow
clinique,Clinique + Jonathan Adler: Lid Pop,14.0,,,eyeshadow
clinique,Clinique + Jonathan Adler: Limited Edition Chic Colour Kit,27.3,,palette,eyeshadow
clinique,Cream Shaper&trade; For Eyes,17.5,,,eyeliner
clinique,Quickliner&trade; For Eyes,17.5,,,eyeliner
clinique,High Impact™ Custom Black Kajal,17.5,,,eyeliner
clinique,Kohl Shaper For Eyes,17.5,,,eyeliner
clinique,Quickliner&#8482; For Eyes Intense,17.5,,,eyeliner
clinique,Brush-On Cream Liner,17.5,,,eyeliner
clinique,Water-Resistant Eyeliner,17.5,,,eyeliner
clinique,Clinique Skinny Stick&trade;,17.0,,,eyeliner
clinique,Pretty Easy™ Liquid Eyelining Pen,21.0,,,eyeliner
clinique,Instant Lift For Brows,9.0,,,eyebrow
clinique,Superfine Liner For Brows,18.0,,,eyebrow
clinique,Pretty Easy Brow Palette,34.5,,,eyebrow
clinique,Brow Keeper,18.0,,,eyebrow
clinique,Just Browsing Brush-On Styling Mousse,18.0,,,eyebrow
clinique,Brow Shaper,18.0,,,eyebrow
clinique,Chubby Stick&trade; Sculpting Highlight,23.0,,contour,foundation
clinique,Chubby Stick&trade; Sculpting Contour,23.0,,contour,foundation
clinique,Limited Edition Highlighting Kit,39.0,,contour,foundation
clinique,Blended Face Powder and Brush,26.0,,,bronzer
clinique,Up-lighting&trade; Liquid Illuminator,28.0,,,bronzer
clinique,True Bronze&trade; Pressed Powder Bronzer,27.0,,,bronzer
clinique,Uplighting Illuminating Powder,27.0,,,bronzer
clinique,Sun-Kissed Face Gelee Complexion Multitasker,28.0,,,bronzer
fenty,PRO FILT'R - Soft Matte Longwear Foundation,34.0,,,foundation
clinique,Sculptionary&trade; Cheek Contouring Palette,34.0,,,blush
clinique,Blushing Blush&trade; Powder Blush,23.0,,,blush
clinique,Cheek Pop&trade;,23.0,,,blush
clinique,Clinique + Jonathan Adler: Cheek Pop,18.9,,,blush
clinique,Soft-Pressed Powder Blusher,23.0,,,blush
clinique,Chubby Stick&trade; Cheek Colour Balm,23.0,,,blush
clinique,Clinique Pop&trade; Oil Lip & Cheek Glow,,,,blush
clinique,CliniqueFIT™  Lip + Cheek Flush,23.0,,,blush
clinique,Chubby&trade; Plump & Shine Liquid Lip Plumping Gloss,17.5,,lip_gloss,lipstick
clinique,Quickliner&trade; For Lips,17.5,,,lip_liner
clinique, Quickliner&trade; For Lips Intense,17.5,,,lip_liner
clinique,Almost Lipstick,17.5,,lipstick,lipstick
clinique,Butter Shine&trade; Lipstick,8.5,,lipstick,lipstick
clinique,High Impact&trade; Lip Colour,17.5,,lipstick,lipstick
clinique,Chubby Stick Intense&trade; Moisturizing Lip Colour Balm,17.0,,lipstick,lipstick
clinique,Long Last Soft Matte Lipstick,17.5,,lipstick,lipstick
clinique,Long Last Lipstick,17.0,,lipstick,lipstick
clinique,Clinique Pop Liquid™ Matte Lip Colour + Primer,18.5,,lipstick,lipstick
clinique,Chubby Stick Baby Tint&trade; Moisturizing Lip Colour Balm,17.5,,lipstick,lipstick
clinique,Clinique + Jonathan Adler: Pop Lip Colour + Primer,15.4,,lipstick,lipstick
clinique,Different Lipstick,17.5,,lipstick,lipstick
clinique,Clinique Pop™ Lacquer Lip Colour + Primer  ,18.5,,lipstick,lipstick
clinique,Clinique Pop Glaze&trade; Sheer Lip Colour + Primer,18.5,,lipstick,lipstick
clinique,Chubby Stick&trade; Moisturizing Lip Colour Balm,17.5,,lipstick,lipstick
clinique,Clinique Pop™ Matte Lip Colour + Primer,18.5,,lipstick,lipstick
clinique,Clinique Pop&trade; Lip Colour + Primer,18.5,,lipstick,lipstick
clinique,Clinique Pop&trade; Lip Shadow Cushion Matte Lip Powder,19.5,,lipstick,lipstick
dior,"
                            Junon
                            ",20.0,,,nail_polish
dior,"
                            Matte
                            ",20.0,,,nail_polish
dior,"
                            Poison Metal
                            ",20.0,,,nail_polish
dior,"
                            Jungle Matte
                            ",20.0,,,nail_polish
dior,"
                            Miss Satin
                            ",20.0,,,nail_polish
dior,"
                            Mineral
                            ",20.0,,,nail_polish
dior,"
                            Sauvage
                            ",20.0,,,nail_polish
dior,"
                            Diabolo
                            ",20.0,,,nail_polish
dior,"
                            Tease
                            ",20.0,,,nail_polish
dior,"
                            Precious Rocks
                            ",20.5,,,nail_polish
dior,"
                            Amethyst
                            ",20.5,,,nail_polish
dior,"
                            Emerald
                            ",20.5,,,nail_polish
dior,"
                            Grenat
                            ",0.0,,,nail_polish
dior,"
                            Ruby
                            ",20.5,,,nail_polish
dior,All-In-Brow 3D,43.0,,,eyebrow
dior,Sourcils Poudre,20.0,,,eyebrow
dior,DIORSHOW BROW STYLER,20.0,,,eyebrow
dior,DIORSHOW BOLD BROW - Christmas 2017 Limited Edition,22.0,,,eyebrow
dior,DIORSHOW BOLD BROW,22.0,,,eyebrow
dior,Diorshow Art Pen,27.5,,,eyeliner
dior,Diorliner,27.0,,,eyeliner
dior,Dior Addict It-Line,26.5,,,eyeliner
dior,Eyeliner Waterproof,20.0,,,eyeliner
dior,DIORSHOW KHÔL,19.5,,,eyeliner
dior,Diorshow Pro Liner Waterproof,20.5,,,eyeliner
dior,Diorshow Iconic,25.5,,,mascara
dior,Diorshow Iconic Overcurl,25.5,,,mascara
dior,Dior Addict It-Lash,25.5,,,mascara
dior,Diorshow New Look,25.5,,,mascara
dior,Diorshow Black Out,25.5,,,mascara
dior,DIORSHOW,25.5,,,mascara
dior,DIORSHOW PUMP'N'VOLUME,25.5,,,mascara
dior,Diorshow Maximizer 3D,25.5,,,mascara
dior,Holiday Diorshow Pump n' Volume Set,25.5,,,eyeshadow
dior,Couture Colour Wardrobe palette,65.0,,palette,eyeshadow
dior,Colour Design Eye palette,45.0,,palette,eyeshadow
dior,Eye Reviver,43.0,,,eyeshadow
dior,5 COULEURS DESIGNER,45.0,,,eyeshadow
dior,5 COULEURS PRECIOUS ROCKS - Christmas 2017 Limited Edition,43.5,,,eyeshadow
dior,5 COULEURS,45.0,,,eyeshadow
dior,Diorshow Mono,25.0,,,eyeshadow
dior,Diorshow Fusion Mono Matte,0.0,,,eyeshadow
dior,Diorshow Fusion Mono,25.5,,,eyeshadow
dior,Backstage Eye Prime,22.5,,,eyeshadow
dior,Diorskin Rosy Glow,32.0,,,blush
dior,DIORBLUSH PRECIOUS ROCKS - Christmas 2017 Limited Edition,0.0,,,blush
dior,Diorblush Sculpt,32.5,,,blush
dior,Diorblush,32.5,,,blush
dior,Diorskin Nude Air Tan,36.5,,,bronzer
dior,Diorskin Nude Air Glow Powder,39.5,,powder,foundation
dior,Diorskin Nude Air loose powder,36.5,,powder,foundation
dior,Diorskin nude air powder,36.5,,powder,foundation
dior,DIORIFIC PRECIOUS ROCKS - Christmas 2017 Limited Edition,40.0,,powder,foundation
dior,Diorskin Forever & Ever Control Loose Powder,36.5,,powder,foundation
dior,Fix It Colour,23.5,,concealer,foundation
dior,Diorskin Forever Undercover,21.0,,concealer,foundation
dior,FIX IT,23.5,,concealer,foundation
dior,FLASH LUMINIZER,29.0,,highlighter,foundation
dior,Dior Addict Lip Maximizer,25.0,,lip_gloss,lipstick
dior,Dior Addict Ultra-Gloss,24.0,,lip_gloss,lipstick
dior,Cheek & Lip Glow,27.5,,,blush
dior,DIORIFIC MATTE FLUID - Christmas Look 2017 Limited Edition,27.5,,lipstick,lipstick
dior,DIORIFIC KHÔL,29.5,,lipstick,lipstick
dior,Diorific,29.5,,lipstick,lipstick
dior,Dior Addict Lipstick - Limited Edition,27.5,,lipstick,lipstick
dior,Dior Addict Lipstick,27.5,,lipstick,lipstick
dior,DIOR ADDICT LACQUER STICK,27.5,,lipstick,lipstick
dior,DIOR ADDICT LIP TATTOO,25.0,,lip_gloss,lipstick
dior,ROUGE DIOR COLLECTION COUTURE - Christmas Look 2017 Limited Edition,29.5,,lipstick,lipstick
dior,Dior Holiday Couture Collection,77.0,,lipstick,lipstick
dior,ROUGE DIOR - Fall 2017 Limited Edition,27.5,,lipstick,lipstick
dior,Rouge Dior,27.5,,lipstick,lipstick
dior,Rouge Dior Double Rouge,27.5,,lipstick,lipstick
dior,Rouge Dior Liquid,26.5,,lipstick,lipstick
iman,Cover Cream Clay Medium Deep,,,cream,foundation
iman,Corrective Concealer Clay,,,concealer,foundation
iman,CC Correct & Cover Clay Medium Deep,,,bb_cc,foundation
iman,Luxury Blushing Powder Posh,,,powder,blush
iman,Skin Tone Evener BB Crème Clay Medium,,,bb_cc,foundation
iman,Perfect Eye Pencil Deception,,,pencil,eyeshadow
iman,Volumize Mascara Black Ink,,,,mascara
iman,Perfect Mascara Black,,,,mascara
iman,Amplify Mascara Black Ink,,,,mascara
iman,Perfect Eyebrow Pencil Blackest Brown,,,,eyebrow
iman,Perfect Eye Pencil Ebony,,,pencil,eyeliner
iman,Luxury Moisturizing Lipstick IMAN Nude,,,lipstick,lipstick
iman,Luxury Eye Shadow Bejeweled,,,,eyeshadow
benefit,the POREfessional: agent zero shine,39.0,,powder,foundation
benefit,hello flawless! powder foundation,44.0,,powder,foundation
benefit,dallas dusty rose face powder,36.0,,,bronzer
benefit,rockateur,36.0,,,bronzer
benefit,cheekathon bronzer & blush palette,75.0,,,bronzer
benefit,hoola matte bronzer travel size mini,20.0,,,bronzer
benefit,dew the hoola liquid bronzer,36.0,,,bronzer
benefit,hoola matte bronzer ,36.0,,,bronzer
benefit,high brow glow brow highlighter ,29.0,,,eyebrow
benefit,high brow eyebrow highlighter ,29.0,,,eyebrow
benefit,brow zings eyebrow shaping kit ,42.0,,,eyebrow
benefit,BROWVO! conditioning eyebrow primer ,36.0,,,eyebrow
benefit,"precisely, my brow eyebrow pencil ",30.0,,,eyebrow
benefit,ka-BROW! eyebrow cream-gel color ,30.0,,,eyebrow
benefit,goof proof eyebrow pencil ,30.0,,,eyebrow
benefit,gimme brow volumizing eyebrow gel,30.0,,,eyebrow
benefit,bigger & bolder brows kit,44.0,,,eyebrow
benefit,defined & refined brows kit,44.0,,,eyebrow
benefit,soft & natural brows kit,44.0,,,eyebrow
benefit,hydra-smooth lip color,23.0,,lipstick,lipstick
benefit,BIG sexy lipstick set,38.0,,lipstick,lipstick
benefit,ultra plush lip gloss,19.0,,lip_gloss,lipstick
benefit,hoola ultra plush,21.0,,lip_gloss,lipstick
benefit,CORALista ultra plush,21.0,,lip_gloss,lipstick
benefit,rockateur ultra plush,21.0,,lip_gloss,lipstick
benefit,hervana ultra plush,21.0,,lip_gloss,lipstick
benefit,dandelion ultra plush,21.0,,lip_gloss,lipstick
benefit,sugarbomb ultra plush,21.0,,lip_gloss,lipstick
benefit,lollibalm,23.0,,lip_gloss,lipstick
benefit,chachabalm,23.0,,lip_gloss,lipstick
benefit,posiebalm,23.0,,lip_gloss,lipstick
benefit,benebalm,23.0,,lip_gloss,lipstick
benefit,BADgal waterproof mascara,26.0,,,mascara
benefit,they're real! lengthening mascara mini,16.0,,,mascara
benefit,BADgal lash volumizing mascara,26.0,,,mascara
benefit,roller lash curling mascara ,31.0,,,mascara
benefit,they're real! lengthening mascara ,31.0,,,mascara
benefit,they're real! tinted eyelash primer,31.0,,,mascara
benefit,BADgal waterproof eyeliner,26.0,,liquid,eyeliner
benefit,creaseless cream eyeshadow,26.0,,liquid,eyeliner
benefit,they're real! gel eyeliner pen ,31.0,,liquid,eyeliner
smashbox,Bronze Lights,34.0,,,bronzer
smashbox,O-Glow ,29.0,,,blush
smashbox,Baked Fusion Soft Lights,32.0,,,bronzer
smashbox,L.A. Lights Palette,35.0,,,blush
smashbox,Brow Tech Highlight Stick,21.0,,,eyebrow
smashbox,Brow Tech Gloss Stick,21.0,,,eyebrow
smashbox,Brow Tech Matte Pencil,21.0,,,eyebrow
smashbox,Brow Tech Shaping Powder,25.0,,,eyebrow
smashbox,Brow Tech To Go,28.0,,,eyebrow
smashbox,24 Hour CC Spot Concealer,25.0,,bb_cc,foundation
smashbox,Camera Ready BB Cream Eyes SPF 15,25.0,,bb_cc,foundation
smashbox,Photo Filter Foundation,42.0,,liquid,foundation
smashbox,Halo Hydrating Powder,49.0,,liquid,foundation
smashbox,Halo HD Foundation SPF 15,45.0,,liquid,foundation
smashbox,Camera Ready CC Cream,42.0,,bb_cc,foundation
smashbox,Camera Ready BB Cream SPF 35,39.0,,bb_cc,foundation
smashbox,Camera Ready BB Water SPF 30,42.0,,bb_cc,foundation
smashbox,STUDIO SKIN 15 HOUR WEAR HYDRATING FOUNDATION ,42.0,,liquid,foundation
smashbox,Hyperlash Mascara,23.0,,,mascara
smashbox,Full Exposure Waterproof Mascara,22.0,,,mascara
smashbox,Full Exposure Mascara,22.0,,,mascara
smashbox,Indecent Exposure Mascara,22.0,,,mascara
smashbox,X-Rated Mascara,22.0,,,mascara
smashbox,Photo Finish Lash Primer,22.0,,,mascara
smashbox,Jet Set Waterproof Eye Liner,22.0,,liquid,eyeliner
smashbox,Photo Angle Gel Liner,24.0,,liquid,eyeliner
smashbox,Limitless Eye Liner,19.0,,liquid,eyeliner
smashbox,Limitless Liquid Liner,22.0,,liquid,eyeliner
smashbox,Always Sharp 3D Liner,20.0,,liquid,eyeliner
smashbox,Always Sharp Waterproof Kohl Liner,21.0,,liquid,eyeliner
smashbox,Double Exposure Palette,50.0,,palette,eyeshadow
smashbox,#ShapeMatters Palette,55.0,,,eyebrow
smashbox,Mini Full Exposure Palette,25.0,,palette,eyeshadow
smashbox,Full Exposure Palette,52.0,,palette,eyeshadow
smashbox,Photo Matte Eyes Mini,25.0,,,eyeshadow
smashbox,Photo Matte Eyes,49.0,,,eyebrow
smashbox,MATTE EXPOSURE PALETTE,49.0,,palette,eyeshadow
smashbox,Eye Shadow Trio,28.0,,,eyeshadow
smashbox,PHOTO OP EYE SHADOW SINGLES,18.0,,,eyeshadow
smashbox,BE LEGENDARY LONG-WEAR LIP LACQUER,24.0,,lipstick,lipstick
smashbox,L.A. Lights Cheek & Lip Color,29.0,,,blush
smashbox,Always Sharp Lip Liner,21.0,,lipstick,lipstick
smashbox,Insta-Matte Lipstick Transformer,24.0,,lipstick,lipstick
smashbox,BE LEGENDARY LIPSTICK × FOSTER SISTERS,21.0,,lipstick,lipstick
smashbox,Be Legendary Lipstick,21.0,,lipstick,lipstick
smashbox,ALWAYS ON LIQUID LIPSTICK,24.0,,lipstick,lipstick
marcelle,Marcelle Quad Bronzer Sunkissed,19.99,,,bronzer
stila,Stila Stay All Day Bronzer in Medium,46.99,,,bronzer
mineral fusion,Mineral Fusion Bronzer Duo,37.0,,,bronzer
nyx,NYX Mosaic Powder Blush Paradise,10.49,5.0,,bronzer
,Saint Cosmetics Bronzer,30.96,,,bronzer
marcelle,Marcelle Monochromatic Bronzer,19.99,,,bronzer
annabelle,Annabelle Biggy Bronzer Haute Gold,11.99,5.0,,bronzer
dr. hauschka,Dr. Hauschka Bronzing Powder Compact,44.0,,,bronzer
physicians formula,Physicians Formula Super BB InstaReady Filter BB Bronzer,19.99,4.0,,bronzer
cargo cosmetics,Cargo Cosmetics Big Bronzer,36.0,,,bronzer
cargo cosmetics,Cargo Cosmetics Matte Bronzer,30.0,,,bronzer
cargo cosmetics,Cargo Cosmetics Bronzer,30.0,,,bronzer
covergirl,CoverGirl truBLEND Bronzer,13.99,,,bronzer
physicians formula,Physicians Formula Argan Wear Ultra-Nourishing Argan Oil Bronzer,19.99,,,bronzer
e.l.f.,e.l.f. Bronzer Palette,7.99,,,bronzer
maybelline,Maybelline Face Studio Master Hi-Light Light Booster Bronzer,14.99,5.0,,bronzer
,Fake Bake Beauty Bronzer,21.0,,,bronzer
physicians formula,Physicians Formula Bronze Booster Glow-Boosting Pressed Bronzer,20.99,4.7,,bronzer
almay,Almay Smart Shade Powder Bronzer,14.49,,,bronzer
e.l.f.,e.l.f. Bronzers ,3.99,,,bronzer
,Earth Lab Loose Mineral Bronzer,24.0,5.0,,bronzer
cargo cosmetics,Cargo Cosmetics Swimmables Water Resistant Bronzer,29.0,5.0,,bronzer
maybelline,Maybelline Fit Me Bronzer,10.29,4.5,,bronzer
physicians formula,Physicians Formula Bronze Booster Airbrushing Bronzing Veil ,19.99,5.0,,bronzer
covergirl,CoverGirl Clean Glow Bronzer,8.99,5.0,,bronzer
milani,Milani Baked Bronzer ,9.99,4.0,,bronzer
physicians formula,Physicians Formula Organic Wear 100% Natural Origin Bronzer ,21.99,2.5,,bronzer
dr. hauschka,Dr. Hauschka Translucent Bronzing Tint,45.0,4.6,,bronzer
pure anada,Pure Anada Loose Mineral Luminous Bronzer,12.0,5.0,,bronzer
cargo cosmetics,Cargo Cosmetics HD Bronzer,32.0,,,bronzer
physicians formula,Physicians Formula Bronze Booster Glow-Boosting BB Cream,19.99,4.0,,bronzer
e.l.f.,e.l.f. Studio Bronzer,4.99,4.4,,bronzer
maybelline,Maybelline Facestudio Master Contour Kit,15.99,,,bronzer
nyx,NYX Mosaic Powder Blush Spice,10.49,,,bronzer
,Fake Bake Blush Legal Sunburn,15.99,5.0,powder,blush
nyx,NYX Ombre Blush,12.99,,powder,blush
covergirl,CoverGirl truBLEND Blush in Light Rose,13.99,,powder,blush
cargo cosmetics,Cargo Cosmetics HD Picture Perfect Blush Highlighter,32.0,,powder,blush
cargo cosmetics,Cargo Cosmetics Contour Palette,36.0,5.0,,bronzer
l'oreal,L'Oreal Paris Infallible Pro-Contour Palette in Medium ,19.99,,,bronzer
,Saint Cosmetics Blush,28.96,,powder,blush
maybelline,Maybelline Face Studio Master Hi-Light Light Booster Blush,14.99,,powder,blush
sante,Sante Rouge,23.49,3.0,powder,blush
covergirl,CoverGirl truBLEND Blush in Medium Rose,13.99,5.0,powder,blush
annabelle,Annabelle Blush ,7.99,,powder,blush
nyx,NYX High Definition Blush,7.99,4.0,powder,blush
physicians formula,Physicians Formula Nude Wear Touch of Glow Palette in Light,19.99,3.8,,bronzer
dr. hauschka,Dr. Hauschka Rouge Powder ,31.0,5.0,,bronzer
cargo cosmetics,Cargo Cosmetics Swimmables Water Resistant Blush,29.0,5.0,powder,blush
mineral fusion,Mineral Fusion Blush,32.0,5.0,powder,blush
covergirl,CoverGirl Clean Glow Blush ,8.99,5.0,powder,blush
covergirl,CoverGirl Clean Glow Blush,8.99,,powder,blush
physicians formula,Physicians Formula Nude Wear Glowing Nude Blush,15.99,4.0,powder,blush
covergirl,CoverGirl Cheekers Blush ,6.99,5.0,powder,blush
e.l.f.,e.l.f. Studio Blush Palette Dark,9.99,,powder,blush
revlon,Revlon Powder Blush ,13.49,5.0,powder,blush
maybelline,Maybelline Face Studio Master Hi-Light Light Booster Blush ,14.99,5.0,powder,blush
physicians formula,Physicians Formula Nude Wear Glowing Nude Blush ,15.99,4.0,powder,blush
e.l.f.,e.l.f. Contouring Blush & Bronzing Powder,3.99,,,bronzer
covergirl,CoverGirl Cheekers Blush,6.99,5.0,powder,blush
almay,Almay Smart Shade Powder Blush,14.49,4.0,powder,blush
l'oreal,L'Oreal Paris True Match,16.49,4.8,powder,blush
physicians formula,Physicians Formula Happy Booster Glow & Mood Boosting Blush,15.99,4.7,powder,blush
pure anada,Pure Anada Loose Mineral Luminous Blush,12.0,4.0,powder,blush
physicians formula,Physicians Formula Mineral Wear Airbrushing Blush,15.49,4.8,powder,blush
covergirl,CoverGirl Instant Cheekbones Contouring Blush,7.99,3.3,powder,blush
physicians formula,Physicians Formula Happy Booster Glow & Mood Boosting Powder,19.99,4.8,powder,blush
e.l.f.,e.l.f. Studio Blush Palette Light,9.99,4.7,powder,blush
pure anada,Pure Anada Loose Mineral Velvet Matte Blush ,12.0,4.5,powder,blush
maybelline,Maybelline Fit Me Blush,10.29,4.8,powder,blush
physicians formula,Physicians Formula Organic Wear Bronzer & Blush,21.99,4.9,,bronzer
pure anada,Pure Anada Pressed Mineral Cheek Colour Pan,12.0,4.4,powder,blush
milani,Milani Rose Powder Blush,9.99,4.6,powder,blush
milani,Milani Baked Blush,7.99,4.7,powder,blush
cargo cosmetics,Cargo Cosmetics Blush,26.0,4.8,powder,blush
cargo cosmetics,Cargo Cosmetics Contour Palette ,36.0,,,bronzer
cargo cosmetics,Cargo Cosmetics BeachBlush,32.0,,,bronzer
e.l.f.,e.l.f. Studio Contouring Blush & Bronzing Powder,4.99,4.3,,bronzer
cargo cosmetics,Cargo Cosmetics BeachBlush ,32.0,5.0,,bronzer
physicians formula,Physicians Formula Argan Wear Ultra-Nourishing Argan Oil Blush in Rose,15.99,5.0,powder,blush
stila,Stila Convertible Colour Palette Sinrise Splendor,51.0,,cream,blush
stila,Stila Convertible Colour Palette Sunset Serenade,51.0,,cream,blush
anna sui,Anna Sui Cream Cheek Colour,27.0,,cream,blush
nyx,NYX Rouge Cream Blush,9.99,2.0,cream,blush
l'oreal,L'Oreal Paris Visible Lift Blur Blush ,15.99,,cream,blush
marcelle,Marcelle Cream Blush,14.99,5.0,cream,blush
revlon,Revlon PhotoReady Cream Blush,13.49,5.0,cream,blush
,DaLish Lip Cheek Balm,15.0,2.3,cream,blush
physicians formula,Physicians Formula Super BB All-in-1 Beauty Balm Cheek & Lip in Berry Pink,8.99,4.0,cream,blush
maybelline,Maybelline Dream Bouncy Blush,11.99,4.5,cream,blush
anna sui,Anna Sui Lip Colour Stain,26.0,,lip_stain,lipstick
revlon,Revlon Colorstay Moisture Stain,12.99,4.0,lip_stain,lipstick
revlon,Revlon ColorBurst Balm Stain,11.49,4.0,lip_stain,lipstick
wet n wild,Wet n Wild Mega Slicks Lip Balm Stain,3.99,4.2,lip_stain,lipstick
nyx,NYX Ombre Lip Duo,15.99,,,lip_liner
marcelle,Marcelle Forever Sharp Waterproof Lip Liner,11.99,,,lip_liner
nyx,NYX Ombre Lip Duo ,15.99,,,lip_liner
covergirl,CoverGirl Lip Perfection Lipliner ,9.99,,,lip_liner
marcelle,Marcelle Waterproof Lip Definition Lip Liner,10.99,,,lip_liner
cargo cosmetics,Cargo Cosmetics Reverse Lip Liner,19.0,5.0,,lip_liner
marcelle,Marcelle 2 in 1 Retractable Plumping Lip Liner ,10.99,3.0,,lip_liner
nyx,NYX Lip Primer,9.99,5.0,,lip_liner
,Bonne Bell Lip Liner,4.99,4.5,,lip_liner
l'oreal,L'Oreal Paris Colour Riche Lip Liner,11.29,,,lip_liner
annabelle,Annabelle Stay Sharp Waterproof Lipliner,9.99,,,lip_liner
maybelline,Maybelline Color Sensational Lipliner,8.29,3.5,,lip_liner
l'oreal,L'Oreal Paris Infallible Never Fail Lip Liner,11.99,4.2,,lip_liner
nyx,NYX Slim Lip Pencil ,4.99,5.0,,lip_liner
e.l.f.,e.l.f. Studio Lip Primer & Plumper,4.99,3.7,,lip_liner
revlon,Revlon ColorStay Lip Liner,11.49,5.0,,lip_liner
milani,Milani Color Statement Lipliner,3.99,4.7,,lip_liner
sante,Sante Lip Duo Contour and Gloss Pencil,20.49,4.4,,lip_liner
marcelle,Marcelle Flawless Compact Foundation,17.99,,cream,foundation
revlon,Revlon PhotoReady Insta-Fix Makeup,19.99,,cream,foundation
marcelle,Marcelle BB Cream-to-Powder Makeup,22.99,5.0,cream,foundation
physicians formula,Physicians Formula Super BB All-in-1 Beauty Balm Stick,12.99,2.5,cream,foundation
physicians formula,Physicians Formula Nude Wear Touch of Glow Stick in Nude Glow,12.99,4.0,cream,foundation
covergirl,CoverGirl & Olay Simply Ageless Foundation ,15.99,5.0,cream,foundation
sante,Sante Soft Cream Foundation,27.49,3.8,cream,foundation
covergirl,CoverGirl Ultimate Finish Liquid Powder Makeup ,9.99,5.0,cream,foundation
revlon,Revlon Colorstay Whipped Creme Makeup,19.99,4.4,cream,foundation
maybelline,Maybelline Dream Smooth Mousse Foundation,14.79,3.8,cream,foundation
revlon,Revlon New Complexion One-Step Makeup,18.29,4.2,cream,foundation
maybelline,Maybelline Fit Me Shine-Free Foundation Stick,10.99,4.7,cream,foundation
maybelline,Maybelline Dream Matte Mousse Foundation,14.79,4.4,cream,foundation
e.l.f.,e.l.f. Studio HD Mattifying Cream Foundation,9.99,4.8,cream,foundation
mineral fusion,Mineral Fusion Sheer Tint Foundation,37.0,,cream,foundation
pure anada,Pure Anada Loose mineral foundation,25.99,,mineral,foundation
dr. hauschka,Dr. Hauschka Translucent Face Powder Compact,35.0,,mineral,foundation
physicians formula,Physicians Formula Mineral Wear Talc-Free All-In-One ABC Cushion Foundation,20.49,4.0,mineral,foundation
nyx,NYX Mineral Stick Foundation,11.99,5.0,mineral,foundation
nyx,NYX Stay Matte But Not Flat Powder Foundation,10.99,,mineral,foundation
milani,Milani Cream-To-Powder Makeup,10.99,4.4,cream,foundation
physicians formula,Physicians Formula Mineral Wear Flawless Complexion Kit ,29.99,4.8,powder,blush
physicians formula,Physicians Formula Mineral Wear Correcting Kit ,29.99,4.7,mineral,foundation
physicians formula,Physicians Formula Mineral Wear Airbrushing Pressed Powder ,19.99,4.7,mineral,foundation
pure anada,Pure Anada Pressed Sheer Matte Foundation Pan,19.0,4.3,mineral,foundation
maybelline,Maybelline Mineral Power Natural Perfecting Powder Foundation,14.99,3.9,mineral,foundation
physicians formula,Physicians Formula Mineral Wear Airbrushing Loose Powder ,14.99,4.6,mineral,foundation
pure anada,Pure Anada Loose Mineral Foundation ,12.0,3.9,mineral,foundation
covergirl,CoverGirl Outlast Stay Luminous Foundation Creamy Natural (820) ,12.49,,liquid,foundation
mineral fusion,Mineral Fusion Liquid Foundation,37.0,4.0,liquid,foundation
maybelline,Maybelline Dream Velvet Foundation,18.49,2.5,cream,foundation
maybelline,Maybelline Superstay Better Skin Foundation ,14.99,3.0,liquid,foundation
nyx,NYX Stay Matte But Not Flat Liquid Foundation,10.99,4.0,liquid,foundation
l'oreal,L'Oreal Paris True Match Lumi Glow Liquid Foundation,16.99,3.0,liquid,foundation
covergirl,"CoverGirl Ready, Set Gorgeous Liquid Makeup 105",8.99,2.0,liquid,foundation
covergirl,CoverGirl Outlast Stay Fabulous 3-in-1 Foundation,12.49,,liquid,foundation
,DaLish Silk to Matte Foundation,44.0,4.0,liquid,foundation
l'oreal,L'Oreal Paris Visible Lift Blur Foundation ,18.99,,liquid,foundation
covergirl,CoverGirl Clean Liquid Makeup Normal Skin ,9.49,5.0,liquid,foundation
cargo cosmetics,Cargo Cosmetics Liquid Foundation,42.0,,liquid,foundation
covergirl,CoverGirl Smoothers All-Day Hydrating Makeup ,8.99,,liquid,foundation
covergirl,CoverGirl Clean Oil Control Makeup ,9.49,4.0,liquid,foundation
physicians formula,Physicians Formula Nude Wear Touch of Glow Foundation,18.49,4.5,liquid,foundation
maybelline,Maybelline Dream Wonder Liquid Touch Foundation,14.99,,liquid,foundation
covergirl,CoverGirl Advanced Radiance Age Defying Liquid Makeup ,12.49,5.0,liquid,foundation
revlon,Revlon Photoready Airbrush Effect Makeup,19.99,,liquid,foundation
revlon,Revlon Age Defying Firming + Lifting Makeup,19.99,4.5,liquid,foundation
l'oreal,L'Oreal Paris True Match Lumi Cushion Foundation,26.99,4.0,liquid,foundation
cargo cosmetics,Cargo Cosmetics OneBase for Face,28.0,5.0,liquid,foundation
physicians formula,Physicians Formula Youthful Wear Spotless Foundation,18.49,4.7,liquid,foundation
annabelle,Annabelle SkinTrue Foundation,10.99,5.0,liquid,foundation
almay,Almay Smart Shade Skintone Matching Makeup ,17.29,4.5,liquid,foundation
l'oreal,L'Oreal Visible Lift Serum Absolute,20.49,4.3,liquid,foundation
almay,Almay Smart Shade Anti-Aging Skintone Matching Makeup,17.29,4.2,liquid,foundation
almay,Almay Truly Lasting Color Makeup,17.29,4.5,liquid,foundation
covergirl,CoverGirl Outlast Stay Fabulous 3-in-1 Foundation ,12.49,4.0,liquid,foundation
l'oreal,L'Oreal Paris True Match Lumi Healthy Luminous Foundation,20.99,5.0,liquid,foundation
l'oreal,L'Oreal Paris Infallible Pro-Matte Foundation,19.99,4.3,liquid,foundation
revlon,Revlon ColorStay Makeup for Normal / Dry Skin,19.99,4.6,liquid,foundation
dr. hauschka,Dr. Hauschka Foundation,39.0,4.7,liquid,foundation
e.l.f.,e.l.f. Studio Flawless Finish Foundation,9.99,4.0,liquid,foundation
maybelline,Maybelline Dream Liquid Mousse,14.79,4.4,liquid,foundation
maybelline,Maybelline FIT ME! Matte + Poreless Foundation,10.99,4.4,liquid,foundation
revlon,Revlon ColorStay Makeup for Combination / Oily Skin,19.99,3.8,liquid,foundation
l'oreal,L'Oreal Paris True Match Super Blendable Makeup ,18.79,4.1,liquid,foundation
maybelline,Maybelline Fit Me Foundation with SPF,10.99,3.8,liquid,foundation
pure anada,Pure Anada Smooth & Conceal Liquid Foundation,25.0,4.1,liquid,foundation
e.l.f.,e.l.f. Studio Tinted Moisturizer,4.99,3.8,liquid,foundation
almay,Almay Intense i-Color Everyday Neutrals for Blue Eyes,10.49,4.0,,eyeshadow
covergirl,CoverGirl Trunaked Eyeshadow Palettes in Roses,12.99,5.0,palette,eyeshadow
e.l.f.,e.l.f. Studio Baked Eyeshadow Trio ,6.99,,,eyeshadow
l'oreal,L'Oreal Colour Riche La Palette Nude in Nude 02,29.99,4.0,palette,eyeshadow
dr. hauschka,Dr. Hauschka Eye Shadow ,22.0,5.0,,eyeshadow
maybelline,Maybelline Expert Wear Eye Shadow Quad ,8.99,4.0,,eyeshadow
sante,Sante Eyeshadow Trio,24.49,5.0,,eyeshadow
maybelline,Maybelline Eyestudio Color Tattoo Concentrated Crayon,10.99,3.0,,eyeshadow
physicians formula,Physicians Formula Shimmer Strips Extreme Shimmer Shadow & Liner Palette ,15.79,4.5,palette,eyeshadow
wet n wild,Wet n Wild Color Icon Eyeshadow Trio ,4.79,5.0,,eyeshadow
e.l.f.,e.l.f. Essential Little Black Beauty Book Eye Edition,9.99,4.0,palette,eyeshadow
milani,Milani Everyday Eyes Powder Eyeshadow Collection,12.99,5.0,,eyeshadow
almay,Almay Intense i-Color Liquid Shadow + Color Primer,10.99,4.5,,eyeshadow
physicians formula,Physicians Formula Shimmer Strips Custom Shadow & Liner ,15.49,5.0,,eyeshadow
covergirl,CoverGirl Eye Enhancers 1-Kit Shadow ,4.49,5.0,,eyeshadow
covergirl,CoverGirl Eye Enhancers 3-Kit Shadows ,6.49,4.0,,eyeshadow
revlon,"Revlon PhotoReady Primer, Shadow + Sparkle Palette",14.49,5.0,palette,eyeshadow
nyx,NYX Hot Singles Eye Shadow ,5.99,5.0,,eyeshadow
physicians formula,Physicians Formula Shimmer Strips All-in-1 Custom Nude Palette ,16.99,5.0,,bronzer
maybelline,Maybelline The Nudes Eye Shadow Palette,17.99,2.0,palette,eyeshadow
pacifica,Pacifica Super Powder Supernatural Eye Shadow Trio,14.0,4.3,,eyeshadow
e.l.f.,e.l.f. Mad for Matte Eyeshadow Palette ,11.99,4.4,palette,eyeshadow
e.l.f.,e.l.f. Studio Baked Eyeshadow Trio,6.99,5.0,,eyeshadow
maybelline,Maybelline Eye Studio Color Tattoo 24HR Cream Gel Shadow Leather,8.99,4.3,,eyeshadow
dr. hauschka,Dr. Hauschka Eye Shadow Palette,43.0,4.8,palette,eyeshadow
covergirl,CoverGirl Eye Enhancers 4-Kit Shadows,6.49,4.6,,eyeshadow
pacifica,Pacifica Mystical Supernatural Eye Shadow Palette,28.0,4.9,palette,eyeshadow
mistura,Mistura 6-in-1 Beauty Solution,56.49,2.6,,eyeshadow
maybelline,Maybelline The Nudes Eyeshadow Palette in The Blushed Nudes,17.99,4.5,palette,eyeshadow
covergirl,CoverGirl Eye Enhancers 3-Kit Shadows,6.49,4.0,,eyeshadow
e.l.f.,e.l.f. Studio Prism Eyeshadow,13.99,4.8,palette,eyeshadow
pacifica,Pacifica Enlighten Eye Brightening Shadow Palette,28.0,4.6,palette,eyeshadow
wet n wild,Wet n Wild Color Icon Eye Shadow Collection,4.99,4.2,palette,eyeshadow
pure anada,Pure Anada Loose Luminous Eye Colour ,8.0,4.5,,eyeshadow
wet n wild,Wet n Wild Color Icon Eyeshadow Single,1.99,4.6,,eyeshadow
maybelline,Maybelline Eye Studio Color Tattoo 24HR Cream Gel Shadow,8.99,4.5,,eyeshadow
pacifica,Pacifica Radiant Shimmer Highlighting Creams For Eyes Lips Face,28.0,3.6,powder,blush
physicians formula,Physicians Formula Matte Collection Quad Eye Shadow,10.49,4.6,,eyeshadow
cargo cosmetics,Cargo Cosmetics Eye Shadow Single,19.0,5.0,,eyeshadow
pure anada,Pure Anada Pressed Mineral Eye Color Pan,8.0,4.5,,eyeshadow
pacifica,Pacifica Natural Minerals Solar Complete Color Mineral Palette,60.0,4.9,,bronzer
maybelline,Maybelline Eye Studio Color Tattoo 24HR Cream Gel Shadow ,8.99,4.0,,eyeshadow
covergirl,CoverGirl Trunaked Waterproof Eyeliner Duo in Mocha/Ebony,11.99,,pencil,eyeliner
anna sui,Anna Sui Eye Brightener,28.0,,pencil,eyeliner
anna sui,Anna Sui Sharpener,10.0,,pencil,eyeliner
covergirl,CoverGirl Bombshell Powder Brow & Liner in Dark Brown,9.49,3.0,pencil,eyeliner
anna sui,Anna Sui Pencil Eyeliner WP,26.0,,pencil,eyeliner
covergirl,CoverGirl Trunaked Waterproof Eyeliner Duo in Cashmere/Espresso,11.99,,pencil,eyeliner
revlon,Revlon PhotoReady Kajal Matte Eye Pencil,11.49,,pencil,eyeliner
physicians formula,Physicians Formula Shimmer Strips Extreme Shimmer Pencil + Smudger Trio,15.99,,pencil,eyeliner
covergirl,CoverGirl Full Lash Bloom Mascara + Perfect Point Plus Eye Liner,14.99,,pencil,eyeliner
l'oreal,L'Oreal Infallible Smokissime Powder Eyeliner Pen,12.99,2.5,pencil,eyeliner
physicians formula,Physicians Formula Shimmer Strips Extreme Shimmer Eyeliner Trio in Nude ,14.79,,pencil,eyeliner
milani,Milani Supreme Kohl Kajal Eyeliner,8.99,5.0,pencil,eyeliner
annabelle,Annabelle Retractable Eyeliner,9.99,5.0,pencil,eyeliner
marcelle,Marcelle Lux Cream Eye Shadow + Liner,13.99,,,eyeshadow
cargo cosmetics,Cargo Cosmetics Swimmables Eye Pencil,19.0,4.7,pencil,eyeliner
pacifica,Pacifica Magical Multi-Pencil Prime & Line,16.0,,,lip_liner
annabelle,Annabelle Smudgeliner ,8.99,5.0,pencil,eyeliner
mineral fusion,Mineral Fusion Eye Pencil,19.0,4.5,pencil,eyeliner
wet n wild,Wet n Wild Sharpen Up! Dual Pencil Sharpener,1.99,5.0,pencil,eyeliner
covergirl,CoverGirl Ink it! By Perfect Point Plus Eyeliner ,6.99,,pencil,eyeliner
annabelle,Annabelle Stay Sharp Waterproof Kohl Eyeliner,9.99,,pencil,eyeliner
pacifica,Pacifica Natural Eye Pencil,16.0,5.0,pencil,eyeliner
covergirl,CoverGirl Liquiline Blast Eyeliner ,9.99,4.5,pencil,eyeliner
annabelle,Annabelle Smoothliner ,6.99,4.8,pencil,eyeliner
marcelle,Marcelle Waterproof Eyeliner,10.99,3.0,pencil,eyeliner
physicians formula,Physicians Formula Shimmer Strips Eye Enhancing Eyeliner Trio ,14.79,5.0,pencil,eyeliner
l'oreal,L'Oreal Paris Infallible Silkissime Eyeliner,11.99,5.0,pencil,eyeliner
l'oreal,L'Oreal Paris Extra-Intense Liquid Pencil Eyeliner,10.99,4.3,pencil,eyeliner
covergirl,CoverGirl Ink it! By Perfect Point Plus Eyeliner,6.99,2.5,pencil,eyeliner
physicians formula,Physicians Formula Shimmer Strips Eye Enhancing Eyeliner Trio,14.79,5.0,pencil,eyeliner
covergirl,CoverGirl Perfect Point Plus Eyeliner Pencil ,7.49,4.0,pencil,eyeliner
milani,Milani Brow & Eye Highlighter Duo Pencil,6.99,3.3,pencil,eyeliner
l'oreal,L'Oreal Paris Infallible Never Fail Eye Liner,12.99,3.5,pencil,eyeliner
sante,Sante Kajal Eyeliner Pencil,17.29,3.9,pencil,eyeliner
dr. hauschka,Dr. Hauschka Kajal Eyeliner,24.0,4.4,pencil,eyeliner
maybelline,Maybelline Line Express Eyeliner,7.29,4.5,pencil,eyeliner
almay,Almay Intense i-Colour Bring Out Eyeliner,10.99,4.3,pencil,eyeliner
maybelline,Maybelline Unstoppable Eyeliner,8.99,4.3,pencil,eyeliner
pure anada,Pure Anada Pureline Pencil Eye Liner,14.0,4.0,pencil,eyeliner
l'oreal,L'Oreal Paris Colour Riche Le Khol Eyeliner,9.29,4.5,pencil,eyeliner
,Earth Lab Vegan Mineral Eye Pencil,18.0,3.4,pencil,eyeliner
revlon,Revlon ColorStay Eye Liner,11.49,4.7,pencil,eyeliner
maybelline,Maybelline Color Show Kohl Liner,5.99,,pencil,eyeliner
stila,Stila La Quill Eye Liner Brush,36.0,,liquid,eyeliner
nyx,NYX Super Fat Eye Marker,11.99,,liquid,eyeliner
covergirl,CoverGirl Bombshell Powder Brow & Liner in Blonde,9.49,,pencil,eyeliner
maybelline,Maybelline Eye Studio Master Graphic in Striking Black,11.99,,liquid,eyeliner
covergirl,CoverGirl Intensify Me! Liquid Liner,9.99,,liquid,eyeliner
l'oreal,L'Oreal Paris Infallible Black Velvet Liner,13.99,,liquid,eyeliner
milani,Milani Eye Tech Bold Liquid Eyeliner,10.99,,liquid,eyeliner
cargo cosmetics,Cargo Cosmetics TexasLiner Liquid Eye Liner,22.0,,liquid,eyeliner
wet n wild,Wet n Wild ProLine Graphic Marker Eyeliner,6.99,,pencil,eyeliner
,Pysicians Formula Eye Booster Cushion Liquid Liner + Serum Ultra Black,15.99,,liquid,eyeliner
annabelle,Annabelle EyeInk2 Liquid Eyeliner Duo,10.99,,liquid,eyeliner
annabelle,Annabelle Glitterama Liquid Eyeliner,8.96,,liquid,eyeliner
wet n wild,Wet n Wild ProLine Felt Tip Eyeliner,6.99,4.0,liquid,eyeliner
marcelle,Marcelle Double Precision Liquid Eyeliner Pen,14.99,,liquid,eyeliner
annabelle,Annabelle EyeInk2 Mistake Proof Eyeliner + Corrector,10.99,5.0,liquid,eyeliner
covergirl,CoverGirl Ink It! By Perfect Point Plus Violet Ink,6.99,,liquid,eyeliner
marcelle,Marcelle Kajal Kohl Eyeliner Blackest Black,11.99,5.0,liquid,eyeliner
wet n wild,Wet n Wild H2O Proof Liquid Eyeliner,6.99,,liquid,eyeliner
milani,Milani Eye Tech Extreme Liquid Eyeliner,10.99,,liquid,eyeliner
marcelle,Marcelle Waterproof Liquid DIP-PEN Eyeliner 10H+,13.99,,liquid,eyeliner
physicians formula,Physicians Formula Sexy Booster Cat Eye Collection Liquid Eyeliner ,12.99,,liquid,eyeliner
physicians formula,Physicians Formula Argan Wear Ultra-Nourishing Kohl Kajal Eyeliner,12.99,3.7,liquid,eyeliner
wet n wild,Wet n Wild MegaLiner Liquid Eyeliner,5.49,,liquid,eyeliner
revlon,Revlon ColorStay Skinny Liquid Liner ,11.99,,liquid,eyeliner
physicians formula,Physicians Formula Shimmer Strips Kohl Kajal Eyeliner Trio ,14.79,5.0,liquid,eyeliner
zorah,Zorah Liquid Liner,24.0,3.3,liquid,eyeliner
milani,Milani Fierce Foil Eyeliner,9.99,,liquid,eyeliner
physicians formula,Physicians Formula Shimmer Strips Kohl Kajal Eyeliner Trio,14.79,5.0,liquid,eyeliner
pacifica,Pacifica Natural Minerals Smolder Eye Lining Gel,27.96,3.0,,eyeshadow
suncoat,Suncoat Sugar-based Natural Liquid Eyeliner,16.99,3.5,liquid,eyeliner
dr. hauschka,Dr. Hauschka Liquid Eyeliner,30.0,4.0,liquid,eyeliner
almay,Almay Liquid Liner,10.99,4.2,liquid,eyeliner
l'oreal,L'Oreal Infallible Super Slim 12H Liner,11.99,,liquid,eyeliner
e.l.f.,e.l.f. Intense Ink Eyeliner,3.99,5.0,liquid,eyeliner
e.l.f.,e.l.f. Studio Eyeliner & Shadow Stick ,4.99,5.0,,eyeshadow
l'oreal,L'Oreal Telescopic Explosion Waterproof Eyeliner Black,12.99,4.2,liquid,eyeliner
e.l.f.,e.l.f. Studio Precision Liquid Eyeliner,4.99,3.7,liquid,eyeliner
maybelline,Maybelline EyeStudio Master Precise Ink Pen Eyeliner,11.99,4.0,liquid,eyeliner
almay,Almay Intense i-Colour Play Up Liquid Liner,10.99,4.0,liquid,eyeliner
maybelline,Maybelline Line Stiletto Ultimate Precision Liquid Eyeliner,10.29,4.0,liquid,eyeliner
e.l.f.,e.l.f. Studio Eye Primer & Liner Sealer,4.99,4.3,liquid,eyeliner
revlon,Revlon ColorStay Liquid Eye Liner,11.49,4.0,liquid,eyeliner
l'oreal,L'Oreal Paris Lineur Intense Felt Tip Liquid,10.99,4.3,liquid,eyeliner
physicians formula,Physicians Formula Eye Booster Lash Boosting Eyeliner + Serum,14.79,4.0,liquid,eyeliner
maybelline,Maybelline Liquid Eyeliner,10.99,4.2,liquid,eyeliner
e.l.f.,e.l.f. Studio Cream Eyeliner,4.99,4.5,liquid,eyeliner
maybelline,Maybelline Eye Studio Lasting Drama Gel Eyeliner,11.99,4.4,liquid,eyeliner
covergirl,CoverGirl LineExact Liquid Eyeliner ,7.49,4.3,liquid,eyeliner
moov,Moov Cosmetics St. Tropez Collection,14.99,,,nail_polish
anna sui,Anna Sui Nail Colour,15.0,,,nail_polish
l'oreal,L'Oreal Infallible Nail Polish in Always a Lady,10.99,,,nail_polish
moov,Moov Cosmetics Caribbean Wedding Collection,14.99,2.0,,nail_polish
l'oreal,L'Oreal Infallible Nail Polish in Iconic Indigo ,10.99,,,nail_polish
l'oreal,L'Oreal Infallible Nail Polish in Ocean Infini,10.99,,,nail_polish
misa,Misa Nail Laquer,9.39,5.0,,nail_polish
l'oreal,L'Oreal Infallible Nail Polish in Petale Revival,10.99,5.0,,nail_polish
salon perfect,Salon Perfect Nail Lacquer ,6.99,,,nail_polish
moov,Moov Cosmetics Home Grown Canuck Collection,14.99,3.0,,nail_polish
l'oreal,L'Oreal Infallible Nail Polish in Irresistible Bonbon,10.99,,,nail_polish
orly,Orly EPIX Flexible Sealcoat,13.49,5.0,,nail_polish
orly,Orly Nail Lacquer,8.0,,,nail_polish
orly,Orly EPIX Flexible Color ,13.49,3.0,,nail_polish
orly,Orly Nail Lacquer ,8.0,3.0,,nail_polish
wet n wild,Wet n Wild Wild Shine Nail Colour ,1.99,5.0,,nail_polish
maybelline,Maybelline Color Show Nail Lacquer Jewels ,4.49,3.0,,nail_polish
maybelline,Maybelline Color Show Nail Lacquer Veils ,4.49,4.0,,nail_polish
pacifica,Pacifica 7 Free Nail Polish Set - Blue,21.5,5.0,,nail_polish
l'oreal,L'Oreal Colour Riche Gold Dust Nail Colour,7.79,,,nail_polish
l'oreal,L'Oreal Extraordinaire Gel Lacque Nail Colour,8.99,,,nail_polish
pacifica,7 Free Nail Polish Set - Red,21.5,5.0,,nail_polish
china glaze,China Glaze Nail Lacquer ,8.0,4.7,,nail_polish
essie,Essie Encrusted Nail Polish Collection,10.0,5.0,,nail_polish
revlon,Revlon Transforming Effects Top Coats,6.99,4.0,,nail_polish
sante,Sante Nail Polish,19.29,4.4,,nail_polish
pure anada,Pure Anada Princess Cosmetics Sugar Plum Kit ,15.0,5.0,,nail_polish
l'oreal,L'Oreal Paris Colour Riche Collection Exclusive Nail Colour,7.79,,,nail_polish
maybelline,Maybelline Color Show Nail Lacquer ,4.49,3.3,,nail_polish
pure anada,Pure Anada Princess Cosmetics Be Mine Kit ,15.0,5.0,,nail_polish
essie,Essie Nail Colour Cashmere Matte Collection,10.0,1.5,,nail_polish
revlon,Revlon Top Speed Enamel Nail,6.99,4.8,,nail_polish
butter london,butter LONDON Patent Shine 10x Nail Laquer,22.0,5.0,,nail_polish
suncoat,Suncoat Polish & Peel Super Natural Mineral Nail Polish,9.29,3.8,,nail_polish
essie,Essie Mirror Metallics,10.0,3.4,,nail_polish
pure anada,Pure Anada Nail Polish,10.0,4.8,,nail_polish
sinful colours,Sinful Colours Nail Polish,2.99,4.3,,nail_polish
mineral fusion,Mineral Fusion Nail Polish,10.0,4.0,,nail_polish
covergirl,CoverGirl Outlast Stay Brilliant Nail Gloss,5.99,,,nail_polish
revlon,Revlon Nail Enamel,6.99,4.4,,nail_polish
essie,Essie Nail Colour,10.0,4.3,,nail_polish
suncoat,Suncoat Girl Nail Beauty Kit with Decals Ballerina Beauty,22.49,4.0,,nail_polish
suncoat,Suncoat Girl Nail Beauty Kit with Decals Mermaid Princess,22.49,4.0,,nail_polish
l'oreal,L'Oreal Infallible Nail Polish in Keep Magenta,10.99,,,nail_polish
piggy paint,Piggy Paint Nail Polish,11.99,4.3,,nail_polish
suncoat,Suncoat Girl Water-Based Nail Polish,8.29,3.9,,nail_polish
covergirl,CoverGirl Outlast Longwear Lipstick,10.99,,lipstick,lipstick
covergirl,CoverGirl Outlast Lipcolor Moisturizing Clear Topcoat (500),12.99,,lipstick,lipstick
butter london,butter LONDON Moisture Matte Lipstick,28.96,,lipstick,lipstick
l'oreal,L'Oreal Paris Colour Riche Le Matte & La Lacque Lip Colour,11.49,,lipstick,lipstick
covergirl,CoverGirl Colorlicious Lipstick,10.49,,lipstick,lipstick
covergirl,CoverGirl Outlast Lipcolor,12.99,5.0,lipstick,lipstick
mineral fusion,Mineral Fusion Sheer Moisture Lip Tint,12.0,,lipstick,lipstick
dr. hauschka,Dr. Hauschka Limited Edition Lipstick Novum,27.0,5.0,lipstick,lipstick
marcelle,Marcelle Rouge Xpression Lipstick,11.99,,lipstick,lipstick
maybelline,Maybelline Color Sensational Vivid Matte Liquid Lip Colour,12.99,,lipstick,lipstick
revlon,Revlon Ultra HD Lip Lacquer,10.99,5.0,lipstick,lipstick
nyx,NYX Jumbo Lip Pencil ,5.99,4.0,lipstick,lipstick
cargo cosmetics,Cargo Cosmetics ColorStick,32.0,4.0,lipstick,lipstick
revlon,Revlon ColorBurst Lacquer Balm,11.49,,lipstick,lipstick
cargo cosmetics,Cargo Cosmetics Essential Lip Color,24.0,4.8,lipstick,lipstick
l'oreal,L'Oreal Paris Colour Riche Collection Exclusive Pure Reds,10.99,5.0,lipstick,lipstick
nyx,NYX Extra Creamy Round Lipstick,6.99,4.0,lipstick,lipstick
maybelline,Maybelline Color Sensational Rebel Bloom Lipcolour ,9.99,3.0,lipstick,lipstick
dalish,DaLish Lipstick Matte Collection,22.0,3.8,lipstick,lipstick
e.l.f.,e.l.f. Gotta Glow Lip Tint ,7.99,4.5,lipstick,lipstick
maybelline,Maybelline Lip Studio Color Blur ,11.99,,lipstick,lipstick
l'oreal,L'Oreal Color Riche Extraordinaire Lip Color,13.96,4.0,lipstick,lipstick
almay,Almay Smart Shade Butter Kiss Lipstick,8.99,,lipstick,lipstick
wet n wild,Wet n Wild Silk Finish Lipstick,1.99,5.0,lipstick,lipstick
l'oreal,L'Oreal Paris Colour Riche Crystal Shine,10.99,5.0,lipstick,lipstick
dr. hauschka,Dr. Hauschka Lipstick ,34.0,4.9,lipstick,lipstick
revlon,Revlon Ultra HD Matte Lipcolor,10.99,5.0,lipstick,lipstick
l'oreal,L'Oreal Infallible Lipstick ,13.99,5.0,lipstick,lipstick
revlon,Revlon ColorStay Ultimate Suede Lipstick,14.49,3.3,lipstick,lipstick
revlon,Revlon Ultra HD Lipstick,10.99,,lipstick,lipstick
l'oreal,L'Oreal Paris Colour Riche Collection Exclusive Lip Colour ,10.99,4.7,lipstick,lipstick
maybelline,Maybelline Color Sensational The Buffs Lipcolour,9.99,4.8,lipstick,lipstick
maybelline,Maybelline Color Sensational Vivids Lipcolour,9.99,5.0,lipstick,lipstick
pacifica,Pacifica Devocean Natural Lipstick Deeply Devoted Creamy Color,21.0,4.3,lipstick,lipstick
burt's bees,Burt's Bees Lipstick ,9.99,3.7,lipstick,lipstick
maybelline,Maybelline Color Sensational Creamy Mattes Lipcolour ,9.99,5.0,lipstick,lipstick
l'oreal,L'Oreal Paris Colour Riche Lipstick,10.99,4.6,lipstick,lipstick
revlon,Revlon Matte Lipstick,11.79,4.5,lipstick,lipstick
revlon,Revlon ColorStay Ultimate Liquid Lipstick,14.49,4.1,lipstick,lipstick
maybelline,Maybelline Color Sensational Lipcolour,9.99,4.2,lipstick,lipstick
nyx,NYX Soft Matte Lip Cream,8.99,4.5,lipstick,lipstick
burt's bees,Burt's Bees Lip Crayon,9.99,4.5,lipstick,lipstick
e.l.f.,e.l.f. Studio Matte Lip Color,4.99,4.3,lipstick,lipstick
revlon,Revlon Super Lustrous Lipstick,11.49,4.9,lipstick,lipstick
milani,Milani Color Statement Moisture Matte Lipstick,6.99,4.7,lipstick,lipstick
milani,Milani Color Statement Lipstick,6.99,4.4,lipstick,lipstick
revlon,Revlon ColorBurst Matte Balm ,11.49,4.3,lipstick,lipstick
e.l.f.,e.l.f. Studio Moisturizing Lipstick,4.99,4.1,lipstick,lipstick
pure anada,Pure Anada Petal Perfect Lipstick,14.0,4.3,lipstick,lipstick
mineral fusion,Mineral Fusion Lengthening Mascara,19.0,3.4,,mascara
covergirl,CoverGirl Professional Mascara Curved Brush Very Black,6.99,,,mascara
covergirl,CoverGirl Professional Mascara Curved Brush Black Brown,6.99,,,mascara
l'oreal,L'Oreal Paris Voluminous Butterfly Midnight Black Mascara,13.49,4.7,,mascara
zorah,Zorah Mascara Lengthing,27.0,4.8,,mascara
covergirl,CoverGirl LashBlast Fusion Water Resistant Mascara ,9.99,4.8,,mascara
physicians formula,Physicians Formula Eye Booster Instant Lash Extension Kit in Ultra Black,19.99,4.6,,mascara
l'oreal,L'Oreal Paris Voluminous Million Lashes Excess Mascara ,13.99,4.5,,mascara
covergirl,CoverGirl LastBlast Clump Crusher Water Resistant Mascara ,9.99,5.0,,mascara
almay,Almay Intense i-Color Volumizing Mascara,10.99,4.3,,mascara
covergirl,CoverGirl LashBlast Full Lash Bloom Mascara Very Black (800),9.99,4.0,,mascara
covergirl,CoverGirl Professional Super Thick Lash Mascara Very Black,6.99,5.0,,mascara
maybelline,Maybelline Volum'Express Falsies Big Eyes Mascara,12.99,4.5,,mascara
l'oreal,L'Oreal Paris Voluminous Butterfly Mascara ,13.49,,,mascara
covergirl,CoverGirl Professional Waterproof Mascara Very Black,6.99,,,mascara
physicians formula,Physicians Formula Organic Wear CC Curl + Care Mascara ,15.79,3.2,,mascara
marcelle,Marcelle Ultimate Lash Mascara,10.99,4.5,,mascara
e.l.f.,e.l.f. Studio Lengthening & Volumizing Mascara,4.99,4.0,,mascara
wet n wild,Wet n Wild Mega Protein Mascara,3.49,5.0,,mascara
covergirl,CoverGirl Lashblast Volume Blasting Waterproof Mascara,9.99,5.0,,mascara
covergirl,CoverGirl LashBlast Fusion Mascara ,9.99,4.8,,mascara
covergirl,CoverGirl Professional Natural Lash Mascara Clear,6.99,4.0,,mascara
maybelline,Maybelline Define-A-Lash Lengthening & Defining Mascara,10.79,4.4,,mascara
covergirl,CoverGirl LastBlast Clump Crusher Mascara ,9.99,4.5,,mascara
almay,Almay One Coat Get Up & Grow Mascara,10.99,4.3,,mascara
maybelline,Maybelline Great Lash - Clear,7.79,3.8,,mascara
physicians formula,Physicians Formula Organic Wear Jumbo Lash Mascara,15.79,3.1,,mascara
dr. hauschka,Dr. Hauschka Mascara,33.0,4.3,,mascara
e.l.f.,e.l.f. Studio Waterproof Lengthening & Volumizing Mascara,4.99,4.8,,mascara
l'oreal,L'Oreal Paris Extra Volume Collagen Mascara,13.99,4.8,,mascara
almay,Almay One Coat Thickening Mascara,10.99,4.1,,mascara
maybelline,Maybelline Great Lash Big Mascara,7.79,4.0,,mascara
e.l.f.,e.l.f. Studio Mineral Infused Mascara,4.99,4.3,,mascara
,Earth Lab Raw Mascara,24.0,4.1,,mascara
maybelline,Maybelline Great Lash Mascara,7.79,4.2,,mascara
l'oreal,L'Oreal Paris Double Extend Beauty Tubes,14.99,4.6,,mascara
l'oreal,L'Oreal Paris Telescopic Mascara,13.79,4.7,,mascara
suncoat,Suncoat Sugar-Based Mascara,16.49,3.4,,mascara
pacifica,Pacifica Aquarian Gaze Water-Resistant Mascara,21.0,4.8,,mascara
physicians formula,Physicians Formula Organic Wear 100% Natural Origin Mascara,15.79,4.0,,mascara
maybelline,Maybelline Volum' Express Colossal Mascara,9.79,4.5,,mascara
l'oreal,L'Oreal Paris Voluminous Volume Building Mascara,9.99,2.5,,mascara
maybelline,Maybelline Illegal Length Fiber Extensions Mascara,11.49,4.0,,mascara
maybelline,Maybelline Volum' Express The Rocket Mascara,10.99,,,mascara
l'oreal,L'Oreal Paris Voluminous Million Lashes Mascara,13.29,4.6,,mascara
maybelline,Maybelline Great Lash Lots of Lashes Mascara,7.79,4.2,,mascara
maybelline,Maybelline Lash Stiletto Ultimate Length Mascara,10.99,4.0,,mascara
maybelline,Maybelline Volum'Express the Falsies Mascara,9.79,4.0,,mascara
covergirl,CoverGirl Lashblast Volume Blasting Mascara ,9.99,4.8,,mascara
pacifica,Pacifica Stellar Gaze Length & Strength Mineral Mascara,28.0,4.2,,mascara
physicians formula,Physicians Formula Organic Wear FakeOut Mascara,15.79,3.9,,mascara
physicians formula,Physicians Formula Organic Wear Lash Boosting Mascara,15.79,3.7,,mascara
,L' Oreal Paris Voluminous Mascara,9.99,4.5,,mascara
pure anada,Pure Anada Natural Mascara,14.0,4.6,,mascara
